<?xml version="1.0" encoding="utf-8"?>
<Contract xmlns:xsd="http://www.w3.org/2001/XMLSchema" xmlns:xsi="http://www.w3.org/2001/XMLSchema-instance">
  <status>Failed</status>
  <ContractId>369d95b7-d311-4ef3-b671-f6cd6036af43</ContractId>
  <type>Mining</type>
  <DoRareItemReward>false</DoRareItemReward>
  <ItemRewardChance>1</ItemRewardChance>
  <TypeIfHauling>Ingot</TypeIfHauling>
  <RewardItemType>Ingot</RewardItemType>
  <RewardItemSubType>Uranium</RewardItemSubType>
  <ItemRewardAmount>5</ItemRewardAmount>
  <MinimumRepRequiredForItem>50</MinimumRepRequiredForItem>
  <ContractName>Example1</ContractName>
  <PlayerSteamId>0</PlayerSteamId>
  <GivenItemReward>false</GivenItemReward>
  <DistanceBonus>0</DistanceBonus>
  <contractPrice>212920200</contractPrice>
  <reputation>1</reputation>
  <SubType>Stone</SubType>
  <minedAmount>0</minedAmount>
  <amountToMineOrDeliver>473156</amountToMineOrDeliver>
  <AmountPaid>0</AmountPaid>
</Contract>