<?xml version="1.0" encoding="utf-8"?>
<Contract xmlns:xsd="http://www.w3.org/2001/XMLSchema" xmlns:xsi="http://www.w3.org/2001/XMLSchema-instance">
  <status>Failed</status>
  <ContractId>b6b4a31c-86eb-4182-9bb5-6edd22737dfd</ContractId>
  <type>Mining</type>
  <DoRareItemReward>false</DoRareItemReward>
  <ItemRewardChance>1</ItemRewardChance>
  <TypeIfHauling>Ingot</TypeIfHauling>
  <RewardItemType>Ingot</RewardItemType>
  <RewardItemSubType>Uranium</RewardItemSubType>
  <ItemRewardAmount>5</ItemRewardAmount>
  <MinimumRepRequiredForItem>50</MinimumRepRequiredForItem>
  <ContractName>Example1</ContractName>
  <PlayerSteamId>76561198045390854</PlayerSteamId>
  <GivenItemReward>false</GivenItemReward>
  <DistanceBonus>0</DistanceBonus>
  <contractPrice>212636250</contractPrice>
  <reputation>1</reputation>
  <SubType>Stone</SubType>
  <minedAmount>0</minedAmount>
  <amountToMineOrDeliver>472525</amountToMineOrDeliver>
  <AmountPaid>0</AmountPaid>
  <DeliveryLocation>GPS::-4724550.92084287:-1289746.32317381:-2325017.98540737:#FF75C9F1:</DeliveryLocation>
</Contract>