<?xml version="1.0" encoding="utf-8"?>
<Contract xmlns:xsd="http://www.w3.org/2001/XMLSchema" xmlns:xsi="http://www.w3.org/2001/XMLSchema-instance">
  <status>Failed</status>
  <ContractId>e39a6bf9-9595-48db-804c-81d21a484679</ContractId>
  <type>Mining</type>
  <DoRareItemReward>false</DoRareItemReward>
  <ItemRewardChance>1</ItemRewardChance>
  <TypeIfHauling>Ingot</TypeIfHauling>
  <RewardItemType>Ingot</RewardItemType>
  <RewardItemSubType>Uranium</RewardItemSubType>
  <ItemRewardAmount>5</ItemRewardAmount>
  <MinimumRepRequiredForItem>50</MinimumRepRequiredForItem>
  <ContractName>Example1</ContractName>
  <PlayerSteamId>0</PlayerSteamId>
  <GivenItemReward>false</GivenItemReward>
  <DistanceBonus>0</DistanceBonus>
  <contractPrice>212770800</contractPrice>
  <reputation>1</reputation>
  <SubType>Stone</SubType>
  <minedAmount>0</minedAmount>
  <amountToMineOrDeliver>472824</amountToMineOrDeliver>
  <AmountPaid>0</AmountPaid>
</Contract>