<?xml version="1.0" encoding="utf-8"?>
<Contract xmlns:xsd="http://www.w3.org/2001/XMLSchema" xmlns:xsi="http://www.w3.org/2001/XMLSchema-instance">
  <status>Failed</status>
  <ContractId>eff7dce7-1c91-43fb-8936-9e50105fee06</ContractId>
  <type>Mining</type>
  <DoRareItemReward>false</DoRareItemReward>
  <ItemRewardChance>1</ItemRewardChance>
  <TypeIfHauling>Ingot</TypeIfHauling>
  <RewardItemType>Ingot</RewardItemType>
  <RewardItemSubType>Uranium</RewardItemSubType>
  <ItemRewardAmount>5</ItemRewardAmount>
  <MinimumRepRequiredForItem>50</MinimumRepRequiredForItem>
  <ContractName>Example1</ContractName>
  <PlayerSteamId>76561198045390854</PlayerSteamId>
  <GivenItemReward>false</GivenItemReward>
  <DistanceBonus>0</DistanceBonus>
  <contractPrice>215365500</contractPrice>
  <reputation>1</reputation>
  <SubType>Stone</SubType>
  <minedAmount>0</minedAmount>
  <amountToMineOrDeliver>478590</amountToMineOrDeliver>
  <AmountPaid>0</AmountPaid>
  <DeliveryLocation>GPS::-4724551.00502608:-1289746.11409462:-2325018.18497533:#FF75C9F1:</DeliveryLocation>
</Contract>