<?xml version="1.0" encoding="utf-8"?>
<Contract xmlns:xsd="http://www.w3.org/2001/XMLSchema" xmlns:xsi="http://www.w3.org/2001/XMLSchema-instance">
  <status>InProgress</status>
  <ContractId>7bad06fb-e632-48b2-8e44-86d788dbb51d</ContractId>
  <type>Hauling</type>
  <DoRareItemReward>false</DoRareItemReward>
  <ItemRewardChance>1</ItemRewardChance>
  <TypeIfHauling>Ingot</TypeIfHauling>
  <RewardItemType>Ingot</RewardItemType>
  <RewardItemSubType>Uranium</RewardItemSubType>
  <ItemRewardAmount>5</ItemRewardAmount>
  <MinimumRepRequiredForItem>0</MinimumRepRequiredForItem>
  <ContractName>Example2</ContractName>
  <PlayerSteamId>76561198045390854</PlayerSteamId>
  <GivenItemReward>false</GivenItemReward>
  <DistanceBonus>0</DistanceBonus>
  <contractPrice>204290100</contractPrice>
  <reputation>1</reputation>
  <SubType>Iron</SubType>
  <minedAmount>0</minedAmount>
  <amountToMineOrDeliver>453978</amountToMineOrDeliver>
  <AmountPaid>0</AmountPaid>
  <DeliveryLocation>GPS:Crunch #14:-4724562.57:-1289867.29:-2324980.36:#FF000000:</DeliveryLocation>
</Contract>