<?xml version="1.0" encoding="utf-8"?>
<Contract xmlns:xsd="http://www.w3.org/2001/XMLSchema" xmlns:xsi="http://www.w3.org/2001/XMLSchema-instance">
  <status>InProgress</status>
  <ContractId>d18d9a37-f6fa-4f02-98ed-1a9713f9a6f1</ContractId>
  <type>Hauling</type>
  <DoRareItemReward>false</DoRareItemReward>
  <ItemRewardChance>1</ItemRewardChance>
  <TypeIfHauling>Ingot</TypeIfHauling>
  <RewardItemType>Ingot</RewardItemType>
  <RewardItemSubType>Uranium</RewardItemSubType>
  <ItemRewardAmount>5</ItemRewardAmount>
  <MinimumRepRequiredForItem>0</MinimumRepRequiredForItem>
  <ContractName>Example2</ContractName>
  <PlayerSteamId>76561198045390854</PlayerSteamId>
  <GivenItemReward>false</GivenItemReward>
  <DistanceBonus>1080000</DistanceBonus>
  <contractPrice>211261050</contractPrice>
  <reputation>1</reputation>
  <SubType>Iron</SubType>
  <minedAmount>0</minedAmount>
  <amountToMineOrDeliver>469469</amountToMineOrDeliver>
  <AmountPaid>0</AmountPaid>
  <DeliveryLocation>GPS:Crunch #14:4724562.57:1289867.29:2324980.36:#FF000000:</DeliveryLocation>
</Contract>