<?xml version="1.0" encoding="utf-8"?>
<Stations xmlns:xsd="http://www.w3.org/2001/XMLSchema" xmlns:xsi="http://www.w3.org/2001/XMLSchema-instance">
  <UseAsDeliveryLocationForContracts>true</UseAsDeliveryLocationForContracts>
  <Name>Example2</Name>
  <Enabled>true</Enabled>
  <DoBuyOrders>true</DoBuyOrders>
  <DoSellOffers>true</DoSellOffers>
  <ViewOnlyNamedCargo>true</ViewOnlyNamedCargo>
  <CargoName>bob</CargoName>
  <stationGPS>GPS:Crunch #14:4724562.57:1289867.29:2324980.36:#FF75C9F1:</stationGPS>
  <SecondsBetweenRefreshForBuyOrders>60</SecondsBetweenRefreshForBuyOrders>
  <SecondsBetweenRefreshForSellOffers>60</SecondsBetweenRefreshForSellOffers>
  <SecondsBetweenClearEntireInventory>432000</SecondsBetweenClearEntireInventory>
  <OwnerFactionTag>fdg</OwnerFactionTag>
  <nextBuyRefresh>2021-08-25T01:24:35.1941322+01:00</nextBuyRefresh>
  <nextSellRefresh>2021-08-25T01:24:35.1941322+01:00</nextSellRefresh>
  <DoPeriodGridClearing>false</DoPeriodGridClearing>
  <nextGridInventoryClear>2021-08-28T16:16:27.6398862+01:00</nextGridInventoryClear>
</Stations>