<?xml version="1.0" encoding="utf-8"?>
<GeneratedContract xmlns:xsd="http://www.w3.org/2001/XMLSchema" xmlns:xsi="http://www.w3.org/2001/XMLSchema-instance">
  <type>Hauling</type>
  <Name>Example2</Name>
  <Enabled>true</Enabled>
  <ReputationGain>1</ReputationGain>
  <chance>100</chance>
  <TypeIfHauling>Ingot</TypeIfHauling>
  <SubType>Iron</SubType>
  <minimum>450000</minimum>
  <maximum>500000</maximum>
  <PricePerOre>450</PricePerOre>
  <MinimumRepRequiredForItem>0</MinimumRepRequiredForItem>
  <DoRareItemReward>false</DoRareItemReward>
  <ItemRewardChance>1</ItemRewardChance>
  <RewardItemType>Ingot</RewardItemType>
  <RewardItemSubType>Uranium</RewardItemSubType>
  <ItemRewardAmount>5</ItemRewardAmount>
</GeneratedContract>