<?xml version="1.0" encoding="utf-8"?>
<BuyOrder xmlns:xsd="http://www.w3.org/2001/XMLSchema" xmlns:xsi="http://www.w3.org/2001/XMLSchema-instance">
  <Enabled>true</Enabled>
  <typeId>Ore</typeId>
  <subtypeId>Gold</subtypeId>
  <minAmount>100</minAmount>
  <maxAmount>500</maxAmount>
  <minPrice>15555</minPrice>
  <maxPrice>355555</maxPrice>
  <chance>1</chance>
  <DeleteTheseItemsInCargOnRefresh>false</DeleteTheseItemsInCargOnRefresh>
  <SellingThisCancelsContract>true</SellingThisCancelsContract>
  <ContractToCancel>Example1</ContractToCancel>
  <FactionTagOwnerForCancelling>fdg</FactionTagOwnerForCancelling>
</BuyOrder>