<?xml version="1.0" encoding="utf-8"?>
<BuyOrder xmlns:xsd="http://www.w3.org/2001/XMLSchema" xmlns:xsi="http://www.w3.org/2001/XMLSchema-instance">
  <Enabled>true</Enabled>
  <typeId>Ore</typeId>
  <subtypeId>Uranium</subtypeId>
  <minAmount>10</minAmount>
  <maxAmount>500</maxAmount>
  <minPrice>12222</minPrice>
  <maxPrice>322222</maxPrice>
  <chance>1</chance>
  <DeleteTheseItemsInCargOnRefresh>false</DeleteTheseItemsInCargOnRefresh>
  <SellingThisCancelsContract>false</SellingThisCancelsContract>
  <ContractToCancel>Example</ContractToCancel>
  <FactionTagOwnerForCancelling>GAIA</FactionTagOwnerForCancelling>
</BuyOrder>