<?xml version="1.0" encoding="utf-8"?>
<Contract xmlns:xsd="http://www.w3.org/2001/XMLSchema" xmlns:xsi="http://www.w3.org/2001/XMLSchema-instance">
  <status>Completed</status>
  <ContractId>2a67f62b-840e-43d7-90e4-ced8fbae2cf8</ContractId>
  <type>Mining</type>
  <DoRareItemReward>false</DoRareItemReward>
  <ItemRewardChance>1</ItemRewardChance>
  <TypeIfHauling>Ingot</TypeIfHauling>
  <RewardItemType>Ingot</RewardItemType>
  <RewardItemSubType>Uranium</RewardItemSubType>
  <ItemRewardAmount>5</ItemRewardAmount>
  <MinimumRepRequiredForItem>50</MinimumRepRequiredForItem>
  <ContractName>Example1</ContractName>
  <PlayerSteamId>76561198045390854</PlayerSteamId>
  <GivenItemReward>false</GivenItemReward>
  <DistanceBonus>0</DistanceBonus>
  <contractPrice>208733400</contractPrice>
  <reputation>1</reputation>
  <SubType>Stone</SubType>
  <minedAmount>515446</minedAmount>
  <amountToMineOrDeliver>463852</amountToMineOrDeliver>
  <AmountPaid>208733400</AmountPaid>
  <DeliveryLocation>GPS:Ore Delivery Location. Stone:-4724562.57:-1289867.29:-2324980.36:#FF000000:</DeliveryLocation>
</Contract>