<?xml version="1.0" encoding="utf-8"?>
<SellOffer xmlns:xsd="http://www.w3.org/2001/XMLSchema" xmlns:xsi="http://www.w3.org/2001/XMLSchema-instance">
  <Enabled>true</Enabled>
  <typeId>Ore</typeId>
  <subtypeId>Iron</subtypeId>
  <minPrice>1000</minPrice>
  <maxPrice>33000</maxPrice>
  <chance>1</chance>
  <SpawnItemsIfNeeded>true</SpawnItemsIfNeeded>
  <SpawnIfCargoLessThan>10</SpawnIfCargoLessThan>
  <BuyingGivesMiningContract>false</BuyingGivesMiningContract>
  <ContractName>Example2</ContractName>
  <BuyingGivesHaulingContract>true</BuyingGivesHaulingContract>
  <IfGivesContractNPCTag>fdg</IfGivesContractNPCTag>
</SellOffer>