<?xml version="1.0" encoding="utf-8"?>
<SellOffer xmlns:xsd="http://www.w3.org/2001/XMLSchema" xmlns:xsi="http://www.w3.org/2001/XMLSchema-instance">
  <Enabled>true</Enabled>
  <typeId>Ore</typeId>
  <subtypeId>Gold</subtypeId>
  <minPrice>15455</minPrice>
  <maxPrice>35555</maxPrice>
  <chance>1</chance>
  <SpawnItemsIfNeeded>false</SpawnItemsIfNeeded>
  <SpawnIfCargoLessThan>10</SpawnIfCargoLessThan>
  <BuyingGivesMiningContract>true</BuyingGivesMiningContract>
  <ContractName>Example1</ContractName>
  <BuyingGivesHaulingContract>false</BuyingGivesHaulingContract>
  <IfGivesContractNPCTag>fdg</IfGivesContractNPCTag>
</SellOffer>