<?xml version="1.0" encoding="utf-8"?>
<SellOffer xmlns:xsd="http://www.w3.org/2001/XMLSchema" xmlns:xsi="http://www.w3.org/2001/XMLSchema-instance">
  <Enabled>true</Enabled>
  <typeId>Ore</typeId>
  <subtypeId>Uranium</subtypeId>
  <minPrice>1555</minPrice>
  <maxPrice>355555</maxPrice>
  <chance>1</chance>
  <SpawnItemsIfNeeded>true</SpawnItemsIfNeeded>
  <SpawnIfCargoLessThan>10</SpawnIfCargoLessThan>
  <BuyingGivesMiningContract>false</BuyingGivesMiningContract>
  <ContractName>example</ContractName>
  <BuyingGivesHaulingContract>false</BuyingGivesHaulingContract>
  <IfGivesContractNPCTag>GAIA</IfGivesContractNPCTag>
</SellOffer>